b0c3d180-93a5-48dd-ad30-769ff4c648da,pat_candella_71@example.au,Pat,Candella,Salazar,Male,pat_candella_71@example.au,555-0151,24,5809 Z Street,Anytown,Wisconsin,WI,20072
b3f7125a-d955-43aa-8abc-84e6035f28cd,jorge_souza_102@example.mil,Jorge,Souza,Rivera,Male,jorge_souza_102@example.mil,555-0103,51,4546 F Street,Anywhere,Vermont,VT,55344
922aa448-56c7-4b08-aee8-198f10fb5b8a,carlos_salazar_85@example.mil,Carlos,Salazar,Doe,Male,carlos_salazar_85@example.mil,555-0175,38,2203 I Street,Any Town,West Virginia,WV,98517
7c5ce2fe-91e6-468a-b5d6-2aec39eef8d9,jorge_souza_143@example.ca,Jorge,Souza,Silva,Male,jorge_souza_143@example.ca,555-0109,52,3180 F Street,Any Town,New Jersey,NJ,38128
9adb2eeb-5579-446a-bda6-837aa766c6b3,nikki_wolf_15@example.ca,Nikki,Wolf,Hong,Male,nikki_wolf_15@example.ca,555-0131,41,8048 V Street,Anytown,North Carolina,NC,21253
b9ca9a25-082f-4909-bb02-bf62d22cac83,jie_liu_46@example.net,Jie,Liu,Doe,Female,jie_liu_46@example.net,555-0109,49,8122 C Street,Any Town,Missouri,MO,26202
aef5c6c9-89a3-417b-abee-e9d3a94db4f1,wei_zhang_126@example.mil,Wei,Zhang,Owusu,Female,wei_zhang_126@example.mil,555-0195,59,8869 W Street,Anywhere,Rhode Island,RI,15823
e60d7ef0-efa6-45c7-9b54-bab394b410f5,martha_rivera_26@example.ca,Martha,Rivera,Owusu,Other,martha_rivera_26@example.ca,555-0138,22,8653 Q Street,Anytown,Florida,FL,71347
b2192c7b-2480-4900-a907-b6b482f64d47,mary_major_79@example.gov,Mary,Major,Salazar,Male,mary_major_79@example.gov,555-0170,23,3762 X Street,Nowhere,New Mexico,NM,56849
94eb1c7f-09c4-4737-aa7c-2d8959700c49,jorge_souza_94@example.org,Jorge,Souza,Rivera,Other,jorge_souza_94@example.org,555-0141,35,5013 T Street,Any Town,Idaho,ID,28097
